,Performance_metric,Test_dataset,External_dataset
0,ROC_AUC,0.898897637501759,0.8969968671744705
1,Accuracy,0.9042096219931272,0.9162586405529954
2,Precision,0.9350923482849605,0.7856725146198831
3,Recall,0.8458233890214797,0.8620468399101701
4,F1score,0.8882205513784461,0.8220896435673856
5,MCC,0.8078866883333534,0.7688977310835484
